{"general_time": [14.282902013, 14.351642703, 38.862615437, 37.809503463, 37.565863594999996, 16.280855268, 14.421656632000001, 14.200059838, 21.092447017999998, 13.953795886, 13.788763708, 13.685966689999999, 13.746295524, 13.741141856999999, 13.743460865, 13.706275508000001, 13.720753664, 13.744074216, 13.672356693, 130.36410401999998, 299.892456057, 173.469430815, 296.585352505, 285.320017861, 310.998704129, 140.372932763, 291.05856807000004, 149.76016164299998, 318.129007968, 299.04527126899995, 5.503943587, 5.302726749, 3.954214309, 2.9291458969999997, 5.608846164, 2.837435908, 1.6642772059999997, 2.900994451, 3.502033883, 5.105179326, 1.8183230659999996, 1.642932252, 3.128542052, 2.651588321, 3.7404923269999997, 3.2850080809999995, 3.705419306, 6.943050023000001, 1.642739468, 2.933444025, 3.8126088150000004, 3.3223276680000002, 8.83959821, 1.657045195, 3.488027592, 4.114245643, 4.799824674, 1.6942558170000002, 2.675321353, 3.2924770699999995, 3.432728301, 0.962929507, 1.6210230700000001, 2.062735446, 2.363481166, 1.0350283980000001, 1.585226971, 2.263345051, 2.470368697, 6.594026137, 2.779707013, 7.185714270000001, 0.8518478889999999, 1.5733335289999997, 1.5413536199999998, 2.8756570969999995, 3.390379359, 4.742407350000001, 5.787713211, 3.7330439569999996, 5.887436009, 4.350261785000001, 4.918987606, 7.105262078], "steps": [10000, 10000, 10000, 10000, 10000, 10000, 10000, 10000, 10000, 10000, 10000, 10000, 10000, 10000, 10000, 10000, 10000, 10000, 10000, 10000, 10000, 10000, 10000, 10000, 10000, 10000, 10000, 10000, 10000, 10000, 10000, 10000, 10000, 10000, 10000, 10000, 10000, 10000, 10000, 10000, 10000, 10000, 10000, 10000, 10000, 10000, 10000, 10000, 10000, 10000, 10000, 10000, 10000, 10000, 10000, 10000, 10000, 10000, 10000, 10000, 10000, 10000, 10000, 10000, 10000, 10000, 10000, 10000, 10000, 10000, 10000, 10000, 10000, 10000, 10000, 10000, 10000, 10000, 10000, 10000, 10000, 10000, 10000, 10000], "algorithm_time": [11.260341833, 11.255483042, 31.118469176000005, 30.204354025, 29.963583735, 14.95996503, 10.668070477, 10.520162778, 17.405901728, 10.878847056000001, 10.795222616, 10.778654184999999, 10.779622607, 10.812178971, 10.788200218, 10.837525304, 10.787937079999999, 10.809922703, 10.782292384999998, 127.343658642, 296.31628083199996, 169.924487047, 293.265056365, 281.524817308, 307.399239868, 137.440251019, 287.448927624, 146.545825784, 313.39051557299996, 294.13663537599996, 2.478362766, 2.117134105, 0.26542526700000035, 0.11418217499999983, 1.685308011, 0.05567177299999981, 0.15827925399999954, 1.152473874, 1.2872490230000002, 2.6182827799999995, 0.1659745999999993, 0.1672919450000001, 1.250445676, 0.7830123489999998, 1.4125608839999995, 1.4334180639999996, 1.546012793, 4.462292237000001, 0.1750134430000001, 1.285127106, 1.9033407300000005, 1.1711226259999998, 4.882509626, 0.15432696499999965, 1.5595424590000002, 1.9404722249999997, 2.5499867190000005, 0.1748732740000003, 1.025535628, 1.3978500579999995, 1.0210412089999998, 0.1698545840000001, 0.5620446570000002, 0.7086909970000002, 0.8637961249999999, 0.17197583800000027, 0.48452115399999984, 0.9131509879999999, 0.8776494289999999, 2.805151446000001, 0.026709136000000022, 3.662401366000001, 0.12937935300000003, 0.17263173799999976, 0.17775414999999972, 1.024517962, 1.3262829110000007, 2.406935562, 3.4600316540000002, 1.6956861349999999, 3.6094922609999998, 1.7192037370000004, 1.9853162319999997, 3.3423035939999997], "mse": [0.9523018537952872, 0.9523650844645637, 0.9523263847570577, 0.9523857990958022, 0.952355447079674, 0.06553070555045144, 0.08551004252707976, 0.08551446722361168, 0.09042092488393141, 0.08552003718036087, 0.08552242168874381, 0.0855121585659396, 0.08551766703258565, 0.08553124653005281, 0.08550954714707613, 0.08551403483121225, 0.08550612178589163, 0.08551910541315197, 0.08550106472666748, 0.08550383554797415, 0.08552823115795374, 0.08550845028258396, 0.0855177927652866, 0.08551785343394959, 0.08551091892495875, 0.08552202697351424, 0.08551242120975056, 0.0855072450281357, 0.08550478475537944, 0.08551682960142042, 0.09619451258282845, 0.09619147412141554, 0.0963496212579792, 0.09635085690103362, 0.09629849841829641, 0.0963510910647868, 0.0963645537890782, 0.09610189147748609, 0.09541025140839476, 0.09608245578244948, 0.09637187483887248, 0.09635859123021522, 0.09610069898379324, 0.09610172550990867, 0.09541000944753059, 0.09541094626520805, 0.0960814458482758, 0.09607889425242906, 0.09636314406342987, 0.09610096085595513, 0.09541022272457261, 0.09608267252871229, 0.09619392452503113, 0.09636256355352954, 0.09610319557644352, 0.09541085577489902, 0.09607622570186845, 0.09636008244773729, 0.0961025181196652, 0.09541182925496657, 0.0960786843813763, 0.09636486006207276, 0.09610140081120856, 0.09541021665059407, 0.09608761881716985, 0.09636528474297433, 0.09610303126598889, 0.09541031487271254, 0.09607987758672681, 0.0961955541324943, 0.0963510403727754, 0.09644107784211575, 0.09613659480717689, 0.09636637893099191, 0.09636507194160657, 0.09610181882646045, 0.09541060908425726, 0.09600502194319491, 0.09582665373736574, 0.09616596857283279, 0.09614658187027729, 0.09640893408904681, 0.0963155187761437, 0.09619816137375092], "workers": [20, 20, 20, 20, 20, 20, 20, 20, 10, 20, 20, 20, 20, 20, 20, 20, 20, 20, 20, 20, 20, 20, 20, 20, 20, 20, 20, 20, 20, 20, 20, 20, 10, 2, 30, 1, 20, 20, 20, 20, 20, 20, 20, 20, 20, 20, 20, 20, 20, 20, 20, 20, 20, 20, 20, 20, 20, 20, 20, 20, 20, 20, 20, 20, 20, 20, 20, 20, 20, 20, 2, 20, 4, 20, 20, 20, 20, 20, 20, 20, 20, 20, 20, 20], "version": [1, 1, 1, 1, 1, 1, 1, 1, 1, 1, 1, 1, 1, 1, 1, 1, 1, 1, 1, 1, 1, 1, 1, 1, 1, 1, 1, 1, 1, 1, 1, 1, 1, 1, 1, 1, 2, 2, 2, 2, 2, 2, 2, 2, 2, 2, 2, 2, 3, 3, 3, 3, 4, 5, 5, 5, 5, 6, 6, 6, 6, 7, 7, 7, 7, 7, 7, 7, 7, 7, 7, 7, 7, 7, 8, 8, 8, 8, 8, 8, 8, 8, 8, 8]}